{
  "version": 2,
  "builds": [
    {
      "src": "server/index.ts",
      "use": "@vercel/node"
    },
    {
      "src": "client/package.json",
      "use": "@vercel/static-build",
      "config": {
        "distDir": "dist"
      }
    }
  ],
  "routes": [
    {
      "src": "/api/(.*)",
      "dest": "server/index.ts"
    },
    {
      "src": "/(.*)",
      "dest": "client/dist/$1"
    }
  ],
  "env": {
    "DATABASE_URL": "@database_url",
    "PGHOST": "@pghost",
    "PGPORT": "@pgport",
    "PGUSER": "@pguser",
    "PGPASSWORD": "@pgpassword",
    "PGDATABASE": "@pgdatabase"
  }
}